,ratio,cost,transparentequityAVG,transparentequitySTD,cost,nontransparentequityAVG,nontransparentequitySTD
0,1.904800101598578,186398.83842,-3.0000082610110894,1.2837621984818626e-05,230763.33185999995,-1.5652174387270783,1.7492713054272402
